{"cameraMode":{"drawMode":0,"name":"Shaded","section":"Shading Mode"},"sceneLighting":true,"audioPlay":false,"sceneViewState":{"m_AlwaysRefresh":false,"showFog":true,"showSkybox":true,"showFlares":true,"showImageEffects":true,"showParticleSystems":true,"showVisualEffectGraphs":true,"m_FxEnabled":true},"in2DMode":false,"pivot":{"x":1.0599455833435059,"y":-7.28957986831665,"z":31.870763778686525},"rotation":{"x":-0.14529401063919068,"y":-0.007425352465361357,"z":0.001066046766936779,"w":-0.9893913865089417},"size":26.397634506225587,"orthographic":false}